Nome,Citta,Indirizzo,Telefono,Email,Categoria,Motivo,Recensioni,Demo URL,WhatsApp link,Email link,Inviato
Ultimate Fitness Bergamo,Seriate BG,"Via C. Cerioli, 27, 24068 Seriate BG",375 667 5332,,SENZA SITO,nessun sito,142,https://mirondavide.com/palestre/bergamo/ultimate-fitness-bergamo/,https://wa.me/393756675332?text=Buongiorno%2C%0A%0Ami%20chiamo%20Davide%2C%20realizzo%20siti%20web%20per%20attivit%C3%A0%20locali.%0AHo%20creato%20un%20sito%20da%20zero%20per%20Ultimate%20Fitness%20Bergamo.%0AEccolo%3A%20https%3A//mirondavide.com/palestre/bergamo/ultimate-fitness-bergamo/%0A%0ALavoro%20da%20solo%20%E2%80%94%20niente%20agenzie.%20Prezzo%20da%20%E2%82%AC500%2C%20consegna%20in%2072%20ore.%0A%0ASe%20vi%20interessa%2C%20possiamo%20sentirci%2010%20minuti%20%E2%80%94%20anche%20al%20telefono%20o%20passo%20di%20persona.%0A%0AUn%20saluto%2C%0ADavide%20%E2%80%94%20379%20210%206196,,
OAZA CLUB,Bergamo BG,"Via Giacomo Manzu', 4, 24122 Bergamo BG",329 413 3160,,SENZA SITO,nessun sito,50,https://mirondavide.com/palestre/bergamo/oaza-club/,https://wa.me/393294133160?text=Buongiorno%2C%0A%0Ami%20chiamo%20Davide%2C%20realizzo%20siti%20web%20per%20attivit%C3%A0%20locali.%0AHo%20creato%20un%20sito%20da%20zero%20per%20OAZA%20CLUB.%0AEccolo%3A%20https%3A//mirondavide.com/palestre/bergamo/oaza-club/%0A%0ALavoro%20da%20solo%20%E2%80%94%20niente%20agenzie.%20Prezzo%20da%20%E2%82%AC500%2C%20consegna%20in%2072%20ore.%0A%0ASe%20vi%20interessa%2C%20possiamo%20sentirci%2010%20minuti%20%E2%80%94%20anche%20al%20telefono%20o%20passo%20di%20persona.%0A%0AUn%20saluto%2C%0ADavide%20%E2%80%94%20379%20210%206196,,
MD Studio,Albano Sant'Alessandro BG,"Via L. Spallanzani, 99, 24061 Albano Sant'Alessandro BG",339 166 8888,,SENZA SITO,nessun sito,46,https://mirondavide.com/palestre/bergamo/md-studio/,https://wa.me/393391668888?text=Buongiorno%2C%0A%0Ami%20chiamo%20Davide%2C%20realizzo%20siti%20web%20per%20attivit%C3%A0%20locali.%0AHo%20creato%20un%20sito%20da%20zero%20per%20MD%20Studio.%0AEccolo%3A%20https%3A//mirondavide.com/palestre/bergamo/md-studio/%0A%0ALavoro%20da%20solo%20%E2%80%94%20niente%20agenzie.%20Prezzo%20da%20%E2%82%AC500%2C%20consegna%20in%2072%20ore.%0A%0ASe%20vi%20interessa%2C%20possiamo%20sentirci%2010%20minuti%20%E2%80%94%20anche%20al%20telefono%20o%20passo%20di%20persona.%0A%0AUn%20saluto%2C%0ADavide%20%E2%80%94%20379%20210%206196,,
Andrea Perico Wellness Coach,Treviolo BG,"Via Gandhi, 24, 24121 Treviolo BG",333 821 6777,,SENZA SITO,nessun sito,38,https://mirondavide.com/palestre/bergamo/andrea-perico-wellness-coach/,https://wa.me/393338216777?text=Buongiorno%2C%0A%0Ami%20chiamo%20Davide%2C%20realizzo%20siti%20web%20per%20attivit%C3%A0%20locali.%0AHo%20creato%20un%20sito%20da%20zero%20per%20Andrea%20Perico%20Wellness.%0AEccolo%3A%20https%3A//mirondavide.com/palestre/bergamo/andrea-perico-wellness-coach/%0A%0ALavoro%20da%20solo%20%E2%80%94%20niente%20agenzie.%20Prezzo%20da%20%E2%82%AC500%2C%20consegna%20in%2072%20ore.%0A%0ASe%20vi%20interessa%2C%20possiamo%20sentirci%2010%20minuti%20%E2%80%94%20anche%20al%20telefono%20o%20passo%20di%20persona.%0A%0AUn%20saluto%2C%0ADavide%20%E2%80%94%20379%20210%206196,,
Agora’ personal fitness,Bergamo BG,"Via S. Francesco D'Assisi, 5c, 24121 Bergamo BG",,,SENZA SITO,nessun sito,21,https://mirondavide.com/palestre/bergamo/agora-personal-fitness/,,,
Cristian Filippone - Personal Trainer,Bergamo BG,"Via Gerolamo Zanchi, 22, 24126 Bergamo BG",328 267 9987,,SENZA SITO,nessun sito,21,https://mirondavide.com/palestre/bergamo/cristian-filippone-personal-trainer/,https://wa.me/393282679987?text=Buongiorno%2C%0A%0Ami%20chiamo%20Davide%2C%20realizzo%20siti%20web%20per%20attivit%C3%A0%20locali.%0AHo%20creato%20un%20sito%20da%20zero%20per%20Cristian%20Filippone%20Personal.%0AEccolo%3A%20https%3A//mirondavide.com/palestre/bergamo/cristian-filippone-personal-trainer/%0A%0ALavoro%20da%20solo%20%E2%80%94%20niente%20agenzie.%20Prezzo%20da%20%E2%82%AC500%2C%20consegna%20in%2072%20ore.%0A%0ASe%20vi%20interessa%2C%20possiamo%20sentirci%2010%20minuti%20%E2%80%94%20anche%20al%20telefono%20o%20passo%20di%20persona.%0A%0AUn%20saluto%2C%0ADavide%20%E2%80%94%20379%20210%206196,,
GriFon - Personal Coach,Bergamo BG,"Via Borfuro, 2, 24122 Bergamo BG",345 021 0488,,SENZA SITO,nessun sito,20,https://mirondavide.com/palestre/bergamo/grifon-personal-coach/,https://wa.me/393450210488?text=Buongiorno%2C%0A%0Ami%20chiamo%20Davide%2C%20realizzo%20siti%20web%20per%20attivit%C3%A0%20locali.%0AHo%20creato%20un%20sito%20da%20zero%20per%20GriFon%20Personal%20Coach.%0AEccolo%3A%20https%3A//mirondavide.com/palestre/bergamo/grifon-personal-coach/%0A%0ALavoro%20da%20solo%20%E2%80%94%20niente%20agenzie.%20Prezzo%20da%20%E2%82%AC500%2C%20consegna%20in%2072%20ore.%0A%0ASe%20vi%20interessa%2C%20possiamo%20sentirci%2010%20minuti%20%E2%80%94%20anche%20al%20telefono%20o%20passo%20di%20persona.%0A%0AUn%20saluto%2C%0ADavide%20%E2%80%94%20379%20210%206196,,
Simona Imberti Personal Trainer,Curno BG,"Via Enrico Fermi, 56, 24035 Curno BG",,,SITO MORTO,il sito non si apre,56,https://mirondavide.com/palestre/bergamo/simona-imberti-personal-trainer/,,,
Enrico Cassia - Osteopata e Personal Trainer,Stezzano BG,"Via Adua, 11A, 24040 Stezzano BG",347 258 1768,,SITO MORTO,il sito non si apre,36,https://mirondavide.com/palestre/bergamo/enrico-cassia-osteopata-e-personal-trainer/,https://wa.me/393472581768?text=Buongiorno%2C%0A%0Ami%20chiamo%20Davide%2C%20realizzo%20siti%20web%20per%20attivit%C3%A0%20locali.%0AHo%20preparato%20una%20versione%20nuova%20del%20sito%20per%20Enrico%20Cassia%20Osteopata.%0AEccolo%3A%20https%3A//mirondavide.com/palestre/bergamo/enrico-cassia-osteopata-e-personal-trainer/%0A%0ALavoro%20da%20solo%20%E2%80%94%20niente%20agenzie.%20Prezzo%20da%20%E2%82%AC500%2C%20consegna%20in%2072%20ore.%0A%0ASe%20vi%20interessa%2C%20possiamo%20sentirci%2010%20minuti%20%E2%80%94%20anche%20al%20telefono%20o%20passo%20di%20persona.%0A%0AUn%20saluto%2C%0ADavide%20%E2%80%94%20379%20210%206196,,
"Dimagrimento-Tonificazione, Postura-NeuroFitness-Pavimento pelvico - STUDIO di Meghy Makovetta",Bergamo BG,"Via Albino Ressi, 8, 24124 Bergamo BG",351 920 5232,,SITO MORTO,il sito non si apre,27,https://mirondavide.com/palestre/bergamo/dimagrimento-tonificazione-postura-neurofitness-pa/,https://wa.me/393519205232?text=Buongiorno%2C%0A%0Ami%20chiamo%20Davide%2C%20realizzo%20siti%20web%20per%20attivit%C3%A0%20locali.%0AHo%20preparato%20una%20versione%20nuova%20del%20sito%20per%20Dimagrimento-Tonificazione%2C%20Postura-NeuroFitness-Pavimento%20pelvico.%0AEccolo%3A%20https%3A//mirondavide.com/palestre/bergamo/dimagrimento-tonificazione-postura-neurofitness-pa/%0A%0ALavoro%20da%20solo%20%E2%80%94%20niente%20agenzie.%20Prezzo%20da%20%E2%82%AC500%2C%20consegna%20in%2072%20ore.%0A%0ASe%20vi%20interessa%2C%20possiamo%20sentirci%2010%20minuti%20%E2%80%94%20anche%20al%20telefono%20o%20passo%20di%20persona.%0A%0AUn%20saluto%2C%0ADavide%20%E2%80%94%20379%20210%206196,,
CUS - Centro Universitario Sportivo Bergamo Sede Dalmine,Dalmine BG,"Via Giuseppe Verdi, 56, 24044 Dalmine BG",035 372819,,SITO VECCHIO,no HTTPS,1778,https://mirondavide.com/palestre/bergamo/cus-centro-universitario-sportivo-bergamo-sede-dal/,,,
GreenTheory Curno,Curno BG,"Via Europa, 31/35, 24035 Curno BG",393 582 1527,,SITO VECCHIO,no HTTPS,756,https://mirondavide.com/palestre/bergamo/greentheory-curno/,https://wa.me/3935821527?text=Buongiorno%2C%0A%0Ami%20chiamo%20Davide%2C%20realizzo%20siti%20web%20per%20attivit%C3%A0%20locali.%0AHo%20preparato%20una%20versione%20pi%C3%B9%20moderna%20del%20sito%20per%20GreenTheory%20Curno.%0AEccolo%3A%20https%3A//mirondavide.com/palestre/bergamo/greentheory-curno/%0A%0ALavoro%20da%20solo%20%E2%80%94%20niente%20agenzie.%20Prezzo%20da%20%E2%82%AC500%2C%20consegna%20in%2072%20ore.%0A%0ASe%20vi%20interessa%2C%20possiamo%20sentirci%2010%20minuti%20%E2%80%94%20anche%20al%20telefono%20o%20passo%20di%20persona.%0A%0AUn%20saluto%2C%0ADavide%20%E2%80%94%20379%20210%206196,,
Fitness CrossFit Begin,Pedrengo BG,"Via Giovanna d'Arco, 6, 24066 Pedrengo BG",328 039 1566,,SITO VECCHIO,no HTTPS,264,https://mirondavide.com/palestre/bergamo/fitness-crossfit-begin/,https://wa.me/393280391566?text=Buongiorno%2C%0A%0Ami%20chiamo%20Davide%2C%20realizzo%20siti%20web%20per%20attivit%C3%A0%20locali.%0AHo%20preparato%20una%20versione%20pi%C3%B9%20moderna%20del%20sito%20per%20Fitness%20CrossFit%20Begin.%0AEccolo%3A%20https%3A//mirondavide.com/palestre/bergamo/fitness-crossfit-begin/%0A%0ALavoro%20da%20solo%20%E2%80%94%20niente%20agenzie.%20Prezzo%20da%20%E2%82%AC500%2C%20consegna%20in%2072%20ore.%0A%0ASe%20vi%20interessa%2C%20possiamo%20sentirci%2010%20minuti%20%E2%80%94%20anche%20al%20telefono%20o%20passo%20di%20persona.%0A%0AUn%20saluto%2C%0ADavide%20%E2%80%94%20379%20210%206196,,
San Bernardino - Sportpiù City Club,Bergamo BG,"Via S. Bernardino, 102, 24126 Bergamo BG",035 316597,,SITO VECCHIO,no HTTPS,253,https://mirondavide.com/palestre/bergamo/san-bernardino-sportpi-city-club/,,,
San Marco iCLUB Azzano San Paolo,Azzano San Paolo BG,"Via Guglielmo Oberdan, 27, 24052 Azzano San Paolo BG",035 534087,,SITO VECCHIO,no HTTPS,198,https://mirondavide.com/palestre/bergamo/san-marco-iclub-azzano-san-paolo/,,,
Venkon Gym,Bergamo BG,"Via per Grumello, 32, 24127 Bergamo BG",389 616 6028,,SITO VECCHIO,no HTTPS,150,https://mirondavide.com/palestre/bergamo/venkon-gym/,https://wa.me/393896166028?text=Buongiorno%2C%0A%0Ami%20chiamo%20Davide%2C%20realizzo%20siti%20web%20per%20attivit%C3%A0%20locali.%0AHo%20preparato%20una%20versione%20pi%C3%B9%20moderna%20del%20sito%20per%20Venkon%20Gym.%0AEccolo%3A%20https%3A//mirondavide.com/palestre/bergamo/venkon-gym/%0A%0ALavoro%20da%20solo%20%E2%80%94%20niente%20agenzie.%20Prezzo%20da%20%E2%82%AC500%2C%20consegna%20in%2072%20ore.%0A%0ASe%20vi%20interessa%2C%20possiamo%20sentirci%2010%20minuti%20%E2%80%94%20anche%20al%20telefono%20o%20passo%20di%20persona.%0A%0AUn%20saluto%2C%0ADavide%20%E2%80%94%20379%20210%206196,,
Bergamo personal trainer (Di Gabriele Gualandris),Nuova Betosca BG,"Via Enrico Fermi, 24, 24050 Nuova Betosca BG",348 736 5440,,SITO VECCHIO,no HTTPS,145,https://mirondavide.com/palestre/bergamo/bergamo-personal-trainer-di-gabriele-gualandris/,https://wa.me/393487365440?text=Buongiorno%2C%0A%0Ami%20chiamo%20Davide%2C%20realizzo%20siti%20web%20per%20attivit%C3%A0%20locali.%0AHo%20preparato%20una%20versione%20pi%C3%B9%20moderna%20del%20sito%20per%20Bergamo%20personal%20trainer.%0AEccolo%3A%20https%3A//mirondavide.com/palestre/bergamo/bergamo-personal-trainer-di-gabriele-gualandris/%0A%0ALavoro%20da%20solo%20%E2%80%94%20niente%20agenzie.%20Prezzo%20da%20%E2%82%AC500%2C%20consegna%20in%2072%20ore.%0A%0ASe%20vi%20interessa%2C%20possiamo%20sentirci%2010%20minuti%20%E2%80%94%20anche%20al%20telefono%20o%20passo%20di%20persona.%0A%0AUn%20saluto%2C%0ADavide%20%E2%80%94%20379%20210%206196,,
Blu Fit Redona,Bergamo BG,"REDONA:, Via Giorgio Gusmini, 3A, 24124 Bergamo BG",035 529 5306,,SITO VECCHIO,no HTTPS,113,https://mirondavide.com/palestre/bergamo/blu-fit-redona/,,,
"CoachTM di Marco Tavola - Personal Training, Small Group, Nutrizione, Fisioterapia, Osteopatia, Massoterapia, Psicologia",Almenno San Bartolomeo BG,"Via Torre Degli Agri, 123, 24030 Almenno San Bartolomeo BG",327 876 7619,,SITO VECCHIO,"no HTTPS, template economico",113,https://mirondavide.com/palestre/bergamo/coachtm-di-marco-tavola-personal-training-small-gr/,https://wa.me/393278767619?text=Buongiorno%2C%0A%0Ami%20chiamo%20Davide%2C%20realizzo%20siti%20web%20per%20attivit%C3%A0%20locali.%0AHo%20preparato%20una%20versione%20pi%C3%B9%20moderna%20del%20sito%20per%20CoachTM%20di%20Marco.%0AEccolo%3A%20https%3A//mirondavide.com/palestre/bergamo/coachtm-di-marco-tavola-personal-training-small-gr/%0A%0ALavoro%20da%20solo%20%E2%80%94%20niente%20agenzie.%20Prezzo%20da%20%E2%82%AC500%2C%20consegna%20in%2072%20ore.%0A%0ASe%20vi%20interessa%2C%20possiamo%20sentirci%2010%20minuti%20%E2%80%94%20anche%20al%20telefono%20o%20passo%20di%20persona.%0A%0AUn%20saluto%2C%0ADavide%20%E2%80%94%20379%20210%206196,,
WELLNESS & FITNESS CORAL a.s.d.,Bergamo BG,"Via Borgo Palazzo, 90, 24125 Bergamo BG",035 218140,,SITO VECCHIO,no HTTPS,102,https://mirondavide.com/palestre/bergamo/wellness-fitness-coral-a-s-d/,,,
Bergamo Boxe Associazione Sportiva Dilettantistica,Bergamo BG,"Via Arturo Turani, snc, 24123 Bergamo BG",035 244598,,SITO VECCHIO,no HTTPS,101,https://mirondavide.com/palestre/bergamo/bergamo-boxe-associazione-sportiva-dilettantistica/,,,
ABSOLUTEBODYPASSION,Treviolo BG,"Via Generale Carlo Alberto dalla Chiesa, 10/7, 24048 Treviolo BG",035 691265,,SITO VECCHIO,non adatto al telefono,87,https://mirondavide.com/palestre/bergamo/absolutebodypassion/,,,
B-Free Fitness Club,Alzano Lombardo BG,"P.za Papa Giovanni Paolo II, 11, 24022 Alzano Lombardo BG",380 370 8752,,SITO VECCHIO,no HTTPS,80,https://mirondavide.com/palestre/bergamo/b-free-fitness-club/,https://wa.me/393803708752?text=Buongiorno%2C%0A%0Ami%20chiamo%20Davide%2C%20realizzo%20siti%20web%20per%20attivit%C3%A0%20locali.%0AHo%20preparato%20una%20versione%20pi%C3%B9%20moderna%20del%20sito%20per%20B-Free%20Fitness%20Club.%0AEccolo%3A%20https%3A//mirondavide.com/palestre/bergamo/b-free-fitness-club/%0A%0ALavoro%20da%20solo%20%E2%80%94%20niente%20agenzie.%20Prezzo%20da%20%E2%82%AC500%2C%20consegna%20in%2072%20ore.%0A%0ASe%20vi%20interessa%2C%20possiamo%20sentirci%2010%20minuti%20%E2%80%94%20anche%20al%20telefono%20o%20passo%20di%20persona.%0A%0AUn%20saluto%2C%0ADavide%20%E2%80%94%20379%20210%206196,,
Fitness Training EliteZ - Dott.ssa Elena Zanga,Albano Sant'Alessandro BG,"Via Tonale, 6, 24061 Albano Sant'Alessandro BG",340 062 4323,,SITO VECCHIO,"no HTTPS, template economico",78,https://mirondavide.com/palestre/bergamo/fitness-training-elitez-dott-ssa-elena-zanga/,https://wa.me/393400624323?text=Buongiorno%2C%0A%0Ami%20chiamo%20Davide%2C%20realizzo%20siti%20web%20per%20attivit%C3%A0%20locali.%0AHo%20preparato%20una%20versione%20pi%C3%B9%20moderna%20del%20sito%20per%20Fitness%20Training%20EliteZ.%0AEccolo%3A%20https%3A//mirondavide.com/palestre/bergamo/fitness-training-elitez-dott-ssa-elena-zanga/%0A%0ALavoro%20da%20solo%20%E2%80%94%20niente%20agenzie.%20Prezzo%20da%20%E2%82%AC500%2C%20consegna%20in%2072%20ore.%0A%0ASe%20vi%20interessa%2C%20possiamo%20sentirci%2010%20minuti%20%E2%80%94%20anche%20al%20telefono%20o%20passo%20di%20persona.%0A%0AUn%20saluto%2C%0ADavide%20%E2%80%94%20379%20210%206196,,
PERFORM Il centro per il tuo benessere,Bergamo BG,"Via Alessandro Furietti, 10, 24126 Bergamo BG",035 310871,,SITO VECCHIO,"no HTTPS, template economico",69,https://mirondavide.com/palestre/bergamo/perform-il-centro-per-il-tuo-benessere/,,,
A.S.D. Smuoviti Be Well,Bergamo BG,"Viale Giulio Cesare, 29, 24129 Bergamo BG",391 795 3373,,SITO VECCHIO,no HTTPS,57,https://mirondavide.com/palestre/bergamo/a-s-d-smuoviti-be-well/,,,
CrossFit Brembo asd,Almè BG,"Via Riviera, 15, 24011 Almè BG",338 465 5943,,SITO VECCHIO,no HTTPS,57,https://mirondavide.com/palestre/bergamo/crossfit-brembo-asd/,https://wa.me/393384655943?text=Buongiorno%2C%0A%0Ami%20chiamo%20Davide%2C%20realizzo%20siti%20web%20per%20attivit%C3%A0%20locali.%0AHo%20preparato%20una%20versione%20pi%C3%B9%20moderna%20del%20sito%20per%20Brembo%20asd.%0AEccolo%3A%20https%3A//mirondavide.com/palestre/bergamo/crossfit-brembo-asd/%0A%0ALavoro%20da%20solo%20%E2%80%94%20niente%20agenzie.%20Prezzo%20da%20%E2%82%AC500%2C%20consegna%20in%2072%20ore.%0A%0ASe%20vi%20interessa%2C%20possiamo%20sentirci%2010%20minuti%20%E2%80%94%20anche%20al%20telefono%20o%20passo%20di%20persona.%0A%0AUn%20saluto%2C%0ADavide%20%E2%80%94%20379%20210%206196,,
Orobica Training Center,Brembate di Sopra BG,"Via Giulio Terzi di Sant'Agata, 15, 24030 Brembate di Sopra BG",351 828 1268,info@orobicatrainingcenter.it,SITO VECCHIO,no HTTPS,57,https://mirondavide.com/palestre/bergamo/orobica-training-center/,https://wa.me/393518281268?text=Buongiorno%2C%0A%0Ami%20chiamo%20Davide%2C%20realizzo%20siti%20web%20per%20attivit%C3%A0%20locali.%0AHo%20preparato%20una%20versione%20pi%C3%B9%20moderna%20del%20sito%20per%20Orobica%20Training%20Center.%0AEccolo%3A%20https%3A//mirondavide.com/palestre/bergamo/orobica-training-center/%0A%0ALavoro%20da%20solo%20%E2%80%94%20niente%20agenzie.%20Prezzo%20da%20%E2%82%AC500%2C%20consegna%20in%2072%20ore.%0A%0ASe%20vi%20interessa%2C%20possiamo%20sentirci%2010%20minuti%20%E2%80%94%20anche%20al%20telefono%20o%20passo%20di%20persona.%0A%0AUn%20saluto%2C%0ADavide%20%E2%80%94%20379%20210%206196,mailto:info@orobicatrainingcenter.it?subject=Sito%20nuovo%20per%20Orobica%20Training%20Center&body=Buongiorno%2C%0A%0Ami%20chiamo%20Davide%2C%20realizzo%20siti%20web%20per%20attivit%C3%A0%20locali.%0AHo%20preparato%20una%20versione%20pi%C3%B9%20moderna%20del%20sito%20per%20Orobica%20Training%20Center.%0AEccolo%3A%20https%3A//mirondavide.com/palestre/bergamo/orobica-training-center/%0A%0ALavoro%20da%20solo%20%E2%80%94%20niente%20agenzie.%20Il%20prezzo%20parte%20da%20%E2%82%AC500%20per%20una%20homepage%20completa%2C%20consegnata%20in%2072%20ore.%0A%0ASe%20vi%20interessa%2C%20possiamo%20sentirci%2010%20minuti%20%E2%80%94%20anche%20al%20telefono%20o%20passo%20di%20persona.%0A%0AUn%20saluto%2C%0ADavide%20%E2%80%94%20379%20210%206196%0A%0A---%0APer%20non%20ricevere%20altri%20messaggi%3A%20rispondete%20%27rimuovi%27.,
Studio Personal Training Never Give Up,Treviolo BG,"Via Nelson Mandela, 20, 24048 Treviolo BG",331 464 1164,,SITO VECCHIO,no HTTPS,55,https://mirondavide.com/palestre/bergamo/studio-personal-training-never-give-up/,https://wa.me/393314641164?text=Buongiorno%2C%0A%0Ami%20chiamo%20Davide%2C%20realizzo%20siti%20web%20per%20attivit%C3%A0%20locali.%0AHo%20preparato%20una%20versione%20pi%C3%B9%20moderna%20del%20sito%20per%20Studio%20Personal%20Training.%0AEccolo%3A%20https%3A//mirondavide.com/palestre/bergamo/studio-personal-training-never-give-up/%0A%0ALavoro%20da%20solo%20%E2%80%94%20niente%20agenzie.%20Prezzo%20da%20%E2%82%AC500%2C%20consegna%20in%2072%20ore.%0A%0ASe%20vi%20interessa%2C%20possiamo%20sentirci%2010%20minuti%20%E2%80%94%20anche%20al%20telefono%20o%20passo%20di%20persona.%0A%0AUn%20saluto%2C%0ADavide%20%E2%80%94%20379%20210%206196,,
Dott. Dante Arrigoni Dietista- Personal Trainer,Bergamo BG,"Via Goffredo Mameli, 10, 24126 Bergamo BG",338 880 1763,,SITO VECCHIO,no HTTPS,41,https://mirondavide.com/palestre/bergamo/dott-dante-arrigoni-dietista-personal-trainer/,https://wa.me/393388801763?text=Buongiorno%2C%0A%0Ami%20chiamo%20Davide%2C%20realizzo%20siti%20web%20per%20attivit%C3%A0%20locali.%0AHo%20preparato%20una%20versione%20pi%C3%B9%20moderna%20del%20sito%20per%20Dott.%20Dante%20Arrigoni.%0AEccolo%3A%20https%3A//mirondavide.com/palestre/bergamo/dott-dante-arrigoni-dietista-personal-trainer/%0A%0ALavoro%20da%20solo%20%E2%80%94%20niente%20agenzie.%20Prezzo%20da%20%E2%82%AC500%2C%20consegna%20in%2072%20ore.%0A%0ASe%20vi%20interessa%2C%20possiamo%20sentirci%2010%20minuti%20%E2%80%94%20anche%20al%20telefono%20o%20passo%20di%20persona.%0A%0AUn%20saluto%2C%0ADavide%20%E2%80%94%20379%20210%206196,,
Stefano Invernizzi - Personal Trainer Bergamo,Ponte San Pietro BG,"Via Piazzini, 45, 24036 Ponte San Pietro BG",329 667 8458,,SITO VECCHIO,no HTTPS,33,https://mirondavide.com/palestre/bergamo/stefano-invernizzi-personal-trainer-bergamo/,https://wa.me/393296678458?text=Buongiorno%2C%0A%0Ami%20chiamo%20Davide%2C%20realizzo%20siti%20web%20per%20attivit%C3%A0%20locali.%0AHo%20preparato%20una%20versione%20pi%C3%B9%20moderna%20del%20sito%20per%20Stefano%20Invernizzi%20Personal.%0AEccolo%3A%20https%3A//mirondavide.com/palestre/bergamo/stefano-invernizzi-personal-trainer-bergamo/%0A%0ALavoro%20da%20solo%20%E2%80%94%20niente%20agenzie.%20Prezzo%20da%20%E2%82%AC500%2C%20consegna%20in%2072%20ore.%0A%0ASe%20vi%20interessa%2C%20possiamo%20sentirci%2010%20minuti%20%E2%80%94%20anche%20al%20telefono%20o%20passo%20di%20persona.%0A%0AUn%20saluto%2C%0ADavide%20%E2%80%94%20379%20210%206196,,
PLM FIT Bergamo - Studio di personal training,Bergamo BG,"Via Giuseppe Ravizza, 1, 24126 Bergamo BG",346 337 8510,info@plm.fit,SITO VECCHIO,no HTTPS,29,https://mirondavide.com/palestre/bergamo/plm-fit-bergamo-studio-di-personal-training/,https://wa.me/393463378510?text=Buongiorno%2C%0A%0Ami%20chiamo%20Davide%2C%20realizzo%20siti%20web%20per%20attivit%C3%A0%20locali.%0AHo%20preparato%20una%20versione%20pi%C3%B9%20moderna%20del%20sito%20per%20PLM%20FIT%20Bergamo.%0AEccolo%3A%20https%3A//mirondavide.com/palestre/bergamo/plm-fit-bergamo-studio-di-personal-training/%0A%0ALavoro%20da%20solo%20%E2%80%94%20niente%20agenzie.%20Prezzo%20da%20%E2%82%AC500%2C%20consegna%20in%2072%20ore.%0A%0ASe%20vi%20interessa%2C%20possiamo%20sentirci%2010%20minuti%20%E2%80%94%20anche%20al%20telefono%20o%20passo%20di%20persona.%0A%0AUn%20saluto%2C%0ADavide%20%E2%80%94%20379%20210%206196,mailto:info@plm.fit?subject=Sito%20nuovo%20per%20PLM%20FIT%20Bergamo&body=Buongiorno%2C%0A%0Ami%20chiamo%20Davide%2C%20realizzo%20siti%20web%20per%20attivit%C3%A0%20locali.%0AHo%20preparato%20una%20versione%20pi%C3%B9%20moderna%20del%20sito%20per%20PLM%20FIT%20Bergamo.%0AEccolo%3A%20https%3A//mirondavide.com/palestre/bergamo/plm-fit-bergamo-studio-di-personal-training/%0A%0ALavoro%20da%20solo%20%E2%80%94%20niente%20agenzie.%20Il%20prezzo%20parte%20da%20%E2%82%AC500%20per%20una%20homepage%20completa%2C%20consegnata%20in%2072%20ore.%0A%0ASe%20vi%20interessa%2C%20possiamo%20sentirci%2010%20minuti%20%E2%80%94%20anche%20al%20telefono%20o%20passo%20di%20persona.%0A%0AUn%20saluto%2C%0ADavide%20%E2%80%94%20379%20210%206196%0A%0A---%0APer%20non%20ricevere%20altri%20messaggi%3A%20rispondete%20%27rimuovi%27.,
FIT-HOME di Alessandra Filippone,Bergamo BG,"Via Giuseppe Ravizza, 7/B, 24126 Bergamo BG",348 540 7560,utente@dominio.com,SITO VECCHIO,no HTTPS,25,https://mirondavide.com/palestre/bergamo/fit-home-di-alessandra-filippone/,https://wa.me/393485407560?text=Buongiorno%2C%0A%0Ami%20chiamo%20Davide%2C%20realizzo%20siti%20web%20per%20attivit%C3%A0%20locali.%0AHo%20preparato%20una%20versione%20pi%C3%B9%20moderna%20del%20sito%20per%20FIT-HOME%20di%20Alessandra.%0AEccolo%3A%20https%3A//mirondavide.com/palestre/bergamo/fit-home-di-alessandra-filippone/%0A%0ALavoro%20da%20solo%20%E2%80%94%20niente%20agenzie.%20Prezzo%20da%20%E2%82%AC500%2C%20consegna%20in%2072%20ore.%0A%0ASe%20vi%20interessa%2C%20possiamo%20sentirci%2010%20minuti%20%E2%80%94%20anche%20al%20telefono%20o%20passo%20di%20persona.%0A%0AUn%20saluto%2C%0ADavide%20%E2%80%94%20379%20210%206196,mailto:utente@dominio.com?subject=Sito%20nuovo%20per%20FIT-HOME%20di%20Alessandra&body=Buongiorno%2C%0A%0Ami%20chiamo%20Davide%2C%20realizzo%20siti%20web%20per%20attivit%C3%A0%20locali.%0AHo%20preparato%20una%20versione%20pi%C3%B9%20moderna%20del%20sito%20per%20FIT-HOME%20di%20Alessandra.%0AEccolo%3A%20https%3A//mirondavide.com/palestre/bergamo/fit-home-di-alessandra-filippone/%0A%0ALavoro%20da%20solo%20%E2%80%94%20niente%20agenzie.%20Il%20prezzo%20parte%20da%20%E2%82%AC500%20per%20una%20homepage%20completa%2C%20consegnata%20in%2072%20ore.%0A%0ASe%20vi%20interessa%2C%20possiamo%20sentirci%2010%20minuti%20%E2%80%94%20anche%20al%20telefono%20o%20passo%20di%20persona.%0A%0AUn%20saluto%2C%0ADavide%20%E2%80%94%20379%20210%206196%0A%0A---%0APer%20non%20ricevere%20altri%20messaggi%3A%20rispondete%20%27rimuovi%27.,
MIBE SPACE,Osio Sotto BG,"Via Don Camillo Gandossi, 24046 Osio Sotto BG",375 502 9113,,SITO VECCHIO,no HTTPS,25,https://mirondavide.com/palestre/bergamo/mibe-space/,https://wa.me/393755029113?text=Buongiorno%2C%0A%0Ami%20chiamo%20Davide%2C%20realizzo%20siti%20web%20per%20attivit%C3%A0%20locali.%0AHo%20preparato%20una%20versione%20pi%C3%B9%20moderna%20del%20sito%20per%20MIBE%20SPACE.%0AEccolo%3A%20https%3A//mirondavide.com/palestre/bergamo/mibe-space/%0A%0ALavoro%20da%20solo%20%E2%80%94%20niente%20agenzie.%20Prezzo%20da%20%E2%82%AC500%2C%20consegna%20in%2072%20ore.%0A%0ASe%20vi%20interessa%2C%20possiamo%20sentirci%2010%20minuti%20%E2%80%94%20anche%20al%20telefono%20o%20passo%20di%20persona.%0A%0AUn%20saluto%2C%0ADavide%20%E2%80%94%20379%20210%206196,,
𝗡𝗘𝗫𝗙𝗜𝗧 - 𝖳𝗋𝖾𝗏𝗂𝗀𝗅𝗂𝗈 (𝖡𝗀) - 𝗣𝗮𝗹𝗲𝘀𝘁𝗿𝗮 𝗲 𝗖𝗲𝗻𝘁𝗿𝗼 𝗙𝗶𝘁𝗻𝗲𝘀𝘀,Treviglio BG,"Viale Ortigara, 5, 24047 Treviglio BG",0363 304388,,SITO OK,sembra moderno,1046,,,,
FitActive Bergamo via Tremana,Bergamo BG,"Via Tremana, 11, 24123 Bergamo BG",351 634 0199,,SITO OK,sembra moderno,1018,,,,
Yoga Space - Yoga e Pilates,Bergamo BG,"Via Palma Il Vecchio, 12, 24128 Bergamo BG",333 640 1713,infobg@yogaspace.it,SITO OK,sembra moderno,741,,,,
FitActive Curno,Curno BG,"Via Enrico Fermi, 56, 24035 Curno BG",348 605 7477,,SITO OK,sembra moderno,603,,,,
FitActive Verdellino,Verdellino BG,"Corso Europa, 10, 24040 Verdellino BG",342 148 3316,,SITO OK,sembra moderno,590,,,,
Sportpiù Club Resort - Curno,Curno BG,"Via Enrico Fermi, 31, 24035 Curno BG",035 617909,,SITO OK,sembra moderno,553,,,,
FitActive Bergamo Canonici,Bergamo BG,"Passaggio dei Canonici Lateranensi, 11, 24121 Bergamo BG",366 871 9584,,SITO OK,sembra moderno,369,,,,
Boxing Team,Bergamo BG,"Via Vittore Ghislandi, 61/a, 24125 Bergamo BG",351 782 0055,,SITO OK,sembra moderno,308,,,,
Nutrizionista Dr. Corti Francesco | Sport & Dimagrimento,Bergamo BG,"Via G. Siccardi, 1C, 24126 Bergamo BG",375 508 0934,segreteria@nutrizionistacorti.it,SITO OK,sembra moderno,284,,,,
Seven Club Gym Concept,Almè BG,"V. Olimpia, 24011 Almè BG",035 636177,,SITO OK,sembra moderno,261,,,,
BodyConvert | Personal Trainer | Programmazioni dell'allenamento | Palestra,Bergamo BG,"Via G. Siccardi, 1C, 24126 Bergamo BG",331 255 4703,info@bodyconvert.it,SITO OK,sembra moderno,238,,,,
Baioni - Sportpiù City Club,Bergamo BG,"Via C. Baioni, 18, 24123 Bergamo BG",035 243735,,SITO OK,sembra moderno,234,,,,
Andrea Regazzoni - Personal Trainer a Bergamo,Bergamo BG,"Via Vincenzo Bellini, 15, 24129 Bergamo BG",347 063 6608,,SITO OK,sembra moderno,233,,,,
20fit,Bergamo BG,"Via Broseta, 27C, 24122 Bergamo BG",035 217003,,SITO OK,sembra moderno,227,,,,
San Marco iCLUB Piazza Repubblica,Bergamo BG,"Piazza della Repubblica, 3, 24122 Bergamo BG",035 428 4210,,SITO OK,sembra moderno,156,,,,
GymTonic - Training Lab,Bergamo BG,"Via Francesco Coghetti, 5, 24128 Bergamo BG",334 715 5171,,SITO OK,sembra moderno,154,,,,
Play Fitness Gorle,Gorle BG,"Via Celadina, 5, 24020 Gorle BG",035 299110,,SITO OK,sembra moderno,152,,,,
Action Fit Borgo Palazzo,Bergamo BG,"Via Borgo Palazzo, 193, 24125 Bergamo BG",331 346 5138,info@actionfit.it,SITO OK,sembra moderno,145,,,,
"Personal Training Studio Nolimits, di Simone Boffini",Almenno San Bartolomeo BG,"Via Aldo Moro, 1/B, 24030 Almenno San Bartolomeo BG",328 257 5270,,SITO OK,sembra moderno,123,,,,
Perfect Individual Personal Training,Dalmine BG,"Via Papa Pio XII, 10, 24044 Dalmine BG",035 372470,info@perfectipt.it,SITO OK,sembra moderno,109,,,,
FITNESS FACTORY - Simone Patti - Coach E Personal Trainer,Torre de' Roveri BG,"Via G. Galilei, 17, 24060 Torre de' Roveri BG",348 735 1524,,SITO OK,sembra moderno,80,,,,
Reborn,Torre Boldone BG,"Largo delle Industrie, 9, 24020 Torre Boldone BG",333 628 6549,info@youreborn.it,SITO OK,sembra moderno,74,,,,
Action Fit Curno,Curno BG,"Via Enrico Fermi, 4, 24035 Curno BG",393 562 8760,info@actionfit.it,SITO OK,sembra moderno,74,,,,
Supreme Fighting Team Bergamo,Bergamo BG,"Via delle Canovine, 56, 24126 Bergamo BG",345 296 7530,,SITO OK,sembra moderno,71,,,,
Fusion Pilates - Fantoni,Bergamo BG,"Via Andrea Fantoni, 5, 24121 Bergamo BG",340 425 7535,,SITO OK,sembra moderno,68,,,,
BClub Private Training,Brembate di Sopra BG,"Via Don Gotti, 22, 24030 Brembate di Sopra BG",351 348 2562,,SITO OK,sembra moderno,54,,,,
Dario Beloli ▪ PERSONAL TRAINER Bergamo,Dalmine BG,"Via Pacinotti, 15/a, 24044 Dalmine BG",342 801 2585,,SITO OK,sembra moderno,48,,,,
Mario Movement,Bergamo BG,"Via San Tomaso, 84, 24121 Bergamo BG",366 251 2066,,SITO OK,sembra moderno,42,,,,
Area Donna - Wellness Club al Femminile,Palazzo BG,"Largo Medaglie D'oro, 1 c/o, COIN, 24122 Palazzo BG",035 270920,,SITO OK,sembra moderno,39,,,,
Jacopo Ferrari Personal Trainer,Curno BG,"FITACTIVE CURNO, Via Enrico Fermi, 56, 24035 Curno BG",331 903 8866,,SITO OK,sembra moderno,31,,,,
P-Club Personal Fitness,Bergamo BG,"Via Fratelli Bandiera, 35a, 24127 Bergamo BG",345 439 6975,,SITO OK,sembra moderno,24,,,,
